id,split,label,original_label,document_quality
0,train,Unknown,TABLE,PHOTO
1,train,CHART,CHART,CLEAN
2,train,CHART,CHART,CLEAN
3,train,Unknown,TABLE,PHOTO
4,val,Unknown,TABLE,PHOTO
5,test,Unknown,TABLE,PHOTO
6,train,Unknown,SLIDES,PHOTO
7,val,Unknown,DRIVER_LICENSE,PHOTO
8,train,Unknown,PHOTO_CHART,PHOTO
9,train,Unknown,PHOTO_RECEIPT,PHOTO
10,val,Unknown,TABLE,PHOTO
11,train,CHART,CHART,CLEAN
12,train,SHIPPING_INVOICE,SHIPPING_INVOICE,PHOTO
13,train,Unknown,PHOTO_TABLE,PHOTO
14,train,CHART,CHART,CLEAN
15,test,CHART,CHART,CLEAN
16,train,CHART,CHART,CLEAN
17,train,BANK_CHECK,BANK_CHECK,PHOTO
18,val,CHART,CHART,CLEAN
19,train,Unknown,PHOTO_RECEIPT,PHOTO
20,train,Unknown,TABLE,PHOTO
21,train,Unknown,PHOTO_RECEIPT,PHOTO
22,test,CHART,CHART,CLEAN
23,test,SHIFT_SCHEDULE,SHIFT_SCHEDULE,PHOTO
24,test,CHART,CHART,CLEAN
25,train,Unknown,PHOTO_NUTRITION,PHOTO
26,train,Unknown,SCANNED_FORM,PHOTO
27,train,CHART,CHART,CLEAN
28,train,Unknown,SCANNED_TABLE,PHOTO
29,train,Unknown,MATH_VQA,PHOTO
30,train,Unknown,FORM,PHOTO
31,train,CHART,CHART,PHOTO
32,train,REAL_ESTATE,REAL_ESTATE,PHOTO
33,test,CHART,CHART,CLEAN
34,train,Unknown,LIST,PHOTO
35,train,Unknown,WEB_TABLE,PHOTO
36,test,Unknown,PHOTO_TABLE,PHOTO
37,val,Unknown,TABLE,PHOTO
38,train,ACCOUNT_STATEMENT,ACCOUNT_STATEMENT,PHOTO
39,train,Unknown,PHOTO_RECEIPT,PHOTO
40,test,Unknown,SCANNED_FORM,PHOTO
41,train,Unknown,TABLE,PHOTO
42,train,CHART,CHART,PHOTO
43,train,Unknown,FORM,PHOTO
44,train,Unknown,CAPTCHA,PHOTO
45,train,Unknown,PHOTO_TABLE,PHOTO
46,train,Unknown,SCANNED_FORM,PHOTO
47,train,Unknown,PHOTO_NUTRITION,PHOTO
48,val,Unknown,SCANNED_FORM,PHOTO
49,train,Unknown,TABLE,PHOTO
50,train,CHART,CHART,CLEAN
51,val,Unknown,WEB_TABLE,PHOTO
52,train,Unknown,FORM,PHOTO
53,train,Unknown,FORM,PHOTO
54,val,Unknown,SIGNATURE,PHOTO
55,train,CHART,CHART,CLEAN
56,test,Unknown,PHOTO_RECEIPT,PHOTO
57,train,CHART,CHART,CLEAN
58,train,CHART,CHART,PHOTO
59,train,Unknown,PHOTO_RECEIPT,PHOTO
60,train,Unknown,TABLE,PHOTO
61,test,Unknown,PHOTO_NUTRITION,PHOTO
62,train,Unknown,PHOTO_RECEIPT,PHOTO
63,train,Unknown,WEB_TABLE,PHOTO
64,train,PATIENT_INTAKE,PATIENT_INTAKE,PHOTO
65,train,COMMERCIAL_LEASE_AGREEMENT,COMMERCIAL_LEASE_AGREEMENT,PHOTO
66,train,CHART,CHART,CLEAN
67,train,CHART,CHART,CLEAN
68,train,CHART,CHART,CLEAN
69,train,CHART,CHART,CLEAN
70,train,EQUIPMENT_INSPECTION,EQUIPMENT_INSPECTION,CLEAN
71,train,PATIENT_INTAKE,PATIENT_INTAKE,HIGH_QUALITY
72,train,PETITION_FORM,PETITION_FORM,HIGH_QUALITY
73,train,SHIPPING_INVOICE,SHIPPING_INVOICE,LOW_QUALITY
74,val,DELIVERY_NOTE,DELIVERY_NOTE,CLEAN
75,train,GLOSSARY,GLOSSARY,LOW_QUALITY
76,train,EQUIPMENT_INSPECTION,EQUIPMENT_INSPECTION,CLEAN
77,train,PETITION_FORM,PETITION_FORM,CLEAN
78,train,GLOSSARY,GLOSSARY,CLEAN
79,test,ACCOUNT_STATEMENT,ACCOUNT_STATEMENT,CLEAN
80,train,SHIFT_SCHEDULE,SHIFT_SCHEDULE,HIGH_QUALITY
81,train,EQUIPMENT_INSPECTION,EQUIPMENT_INSPECTION,CLEAN
82,train,PATIENT_INTAKE,PATIENT_INTAKE,CLEAN
83,val,PROXY_VOTING,PROXY_VOTING,CLEAN
84,train,PATIENT_INTAKE,PATIENT_INTAKE,HIGH_QUALITY
85,val,CREDIT_CARD_STATEMENT,CREDIT_CARD_STATEMENT,CLEAN
86,val,COMMERCIAL_LEASE_AGREEMENT,COMMERCIAL_LEASE_AGREEMENT,HIGH_QUALITY
87,val,PATIENT_INTAKE,PATIENT_INTAKE,LOW_QUALITY
88,val,ACCOUNT_STATEMENT,ACCOUNT_STATEMENT,LOW_QUALITY
89,train,PATENT,PATENT,LOW_QUALITY
90,train,PETITION_FORM,PETITION_FORM,CLEAN
91,val,DELIVERY_NOTE,DELIVERY_NOTE,HIGH_QUALITY
92,train,PATENT,PATENT,LOW_QUALITY
93,val,DELIVERY_NOTE,DELIVERY_NOTE,CLEAN
94,test,PAY_IN_SHEET,PAY_IN_SHEET,CLEAN
95,train,EQUIPMENT_INSPECTION,EQUIPMENT_INSPECTION,HIGH_QUALITY
96,train,ACCOUNT_STATEMENT,ACCOUNT_STATEMENT,CLEAN
97,train,PATIENT_INTAKE,PATIENT_INTAKE,CLEAN
98,train,DELIVERY_NOTE,DELIVERY_NOTE,LOW_QUALITY
99,train,SHIFT_SCHEDULE,SHIFT_SCHEDULE,HIGH_QUALITY
100,test,DELIVERY_NOTE,DELIVERY_NOTE,LOW_QUALITY
101,train,EQUIPMENT_INSPECTION,EQUIPMENT_INSPECTION,HIGH_QUALITY
102,val,BANK_CHECK,BANK_CHECK,PHOTO
103,val,SHIPPING_INVOICE,SHIPPING_INVOICE,LOW_QUALITY
104,test,REAL_ESTATE,REAL_ESTATE,HIGH_QUALITY
105,train,SHIFT_SCHEDULE,SHIFT_SCHEDULE,CLEAN
106,train,GLOSSARY,GLOSSARY,LOW_QUALITY
107,train,SHIPPING_INVOICE,SHIPPING_INVOICE,LOW_QUALITY
108,val,NUTRITION,NUTRITION,HIGH_QUALITY
109,train,COMMERCIAL_LEASE_AGREEMENT,COMMERCIAL_LEASE_AGREEMENT,CLEAN
110,train,REAL_ESTATE,REAL_ESTATE,LOW_QUALITY
111,train,PAY_IN_SHEET,PAY_IN_SHEET,HIGH_QUALITY
112,train,Unknown,PHOTO_DOC,PHOTO
113,train,DELIVERY_NOTE,DELIVERY_NOTE,LOW_QUALITY
114,train,PETITION_FORM,PETITION_FORM,CLEAN
115,train,BANK_CHECK,BANK_CHECK,CLEAN
116,train,PATENT,PATENT,CLEAN
117,test,CREDIT_CARD_STATEMENT,CREDIT_CARD_STATEMENT,LOW_QUALITY
118,train,FORM_1040,FORM_1040,CLEAN
119,train,DELIVERY_NOTE,DELIVERY_NOTE,LOW_QUALITY
120,train,COMMERCIAL_LEASE_AGREEMENT,COMMERCIAL_LEASE_AGREEMENT,HIGH_QUALITY
121,train,SHIPPING_INVOICE,SHIPPING_INVOICE,LOW_QUALITY
122,train,REAL_ESTATE,REAL_ESTATE,HIGH_QUALITY
123,train,PETITION_FORM,PETITION_FORM,HIGH_QUALITY
124,train,PROXY_VOTING,PROXY_VOTING,CLEAN
125,train,GLOSSARY,GLOSSARY,CLEAN
126,train,REAL_ESTATE,REAL_ESTATE,LOW_QUALITY
127,test,PROXY_VOTING,PROXY_VOTING,CLEAN
128,train,CREDIT_CARD_STATEMENT,CREDIT_CARD_STATEMENT,HIGH_QUALITY
129,train,COMMERCIAL_LEASE_AGREEMENT,COMMERCIAL_LEASE_AGREEMENT,HIGH_QUALITY
130,val,PAY_IN_SHEET,PAY_IN_SHEET,HIGH_QUALITY
131,train,PATIENT_INTAKE,PATIENT_INTAKE,LOW_QUALITY
132,train,PROXY_VOTING,PROXY_VOTING,HIGH_QUALITY
133,train,REAL_ESTATE,REAL_ESTATE,LOW_QUALITY
134,train,Unknown,PHOTO_RECEIPT,PHOTO
135,train,REAL_ESTATE,REAL_ESTATE,PHOTO
136,train,SHIPPING_INVOICE,SHIPPING_INVOICE,LOW_QUALITY
137,train,PATIENT_INTAKE,PATIENT_INTAKE,CLEAN
138,train,EQUIPMENT_INSPECTION,EQUIPMENT_INSPECTION,HIGH_QUALITY
139,train,EQUIPMENT_INSPECTION,EQUIPMENT_INSPECTION,HIGH_QUALITY
140,train,SHIPPING_INVOICE,SHIPPING_INVOICE,LOW_QUALITY
141,test,SHIFT_SCHEDULE,SHIFT_SCHEDULE,LOW_QUALITY
142,train,CHART,CHART,PHOTO
143,test,BANK_CHECK,BANK_CHECK,CLEAN
144,test,PATENT,PATENT,LOW_QUALITY
145,test,FORM_1040,FORM_1040,HIGH_QUALITY
146,val,COMMERCIAL_LEASE_AGREEMENT,COMMERCIAL_LEASE_AGREEMENT,HIGH_QUALITY
147,train,DELIVERY_NOTE,DELIVERY_NOTE,HIGH_QUALITY
148,train,GLOSSARY,GLOSSARY,HIGH_QUALITY
149,train,PETITION_FORM,PETITION_FORM,LOW_QUALITY
150,train,FORM_1040,FORM_1040,CLEAN
151,train,PAY_IN_SHEET,PAY_IN_SHEET,HIGH_QUALITY
152,train,BANK_CHECK,BANK_CHECK,HIGH_QUALITY
153,train,PAY_IN_SHEET,PAY_IN_SHEET,HIGH_QUALITY
154,train,PETITION_FORM,PETITION_FORM,HIGH_QUALITY
155,train,PATENT,PATENT,CLEAN
156,train,GLOSSARY,GLOSSARY,CLEAN
157,test,DELIVERY_NOTE,DELIVERY_NOTE,HIGH_QUALITY
158,val,PROXY_VOTING,PROXY_VOTING,LOW_QUALITY
159,test,BANK_CHECK,BANK_CHECK,CLEAN
160,train,DELIVERY_NOTE,DELIVERY_NOTE,CLEAN
161,train,NUTRITION,NUTRITION,CLEAN
162,val,SHIFT_SCHEDULE,SHIFT_SCHEDULE,CLEAN
163,train,PATENT,PATENT,LOW_QUALITY
164,train,GLOSSARY,GLOSSARY,LOW_QUALITY
165,val,BANK_CHECK,BANK_CHECK,LOW_QUALITY
166,val,COMMERCIAL_LEASE_AGREEMENT,COMMERCIAL_LEASE_AGREEMENT,LOW_QUALITY
167,train,ACCOUNT_STATEMENT,ACCOUNT_STATEMENT,CLEAN
168,test,CREDIT_CARD_STATEMENT,CREDIT_CARD_STATEMENT,CLEAN
169,train,Unknown,TABLE,PHOTO
170,train,DELIVERY_NOTE,DELIVERY_NOTE,CLEAN
171,train,GLOSSARY,GLOSSARY,HIGH_QUALITY
172,test,PATENT,PATENT,LOW_QUALITY
173,train,FORM_1040,FORM_1040,CLEAN
174,train,SHIFT_SCHEDULE,SHIFT_SCHEDULE,LOW_QUALITY
175,train,FORM_1040,FORM_1040,HIGH_QUALITY
176,val,DELIVERY_NOTE,DELIVERY_NOTE,LOW_QUALITY
177,train,PAY_IN_SHEET,PAY_IN_SHEET,LOW_QUALITY
178,train,REAL_ESTATE,REAL_ESTATE,CLEAN
179,train,COMMERCIAL_LEASE_AGREEMENT,COMMERCIAL_LEASE_AGREEMENT,LOW_QUALITY
180,train,ACCOUNT_STATEMENT,ACCOUNT_STATEMENT,LOW_QUALITY
181,train,PAY_IN_SHEET,PAY_IN_SHEET,HIGH_QUALITY
182,test,PETITION_FORM,PETITION_FORM,LOW_QUALITY
183,train,COMMERCIAL_LEASE_AGREEMENT,COMMERCIAL_LEASE_AGREEMENT,HIGH_QUALITY
184,test,PROXY_VOTING,PROXY_VOTING,HIGH_QUALITY
185,val,GLOSSARY,GLOSSARY,HIGH_QUALITY
186,test,EQUIPMENT_INSPECTION,EQUIPMENT_INSPECTION,LOW_QUALITY
187,train,PROXY_VOTING,PROXY_VOTING,HIGH_QUALITY
188,train,GLOSSARY,GLOSSARY,CLEAN
189,train,ACCOUNT_STATEMENT,ACCOUNT_STATEMENT,HIGH_QUALITY
190,train,Unknown,MATH_VQA,PHOTO
191,train,EQUIPMENT_INSPECTION,EQUIPMENT_INSPECTION,HIGH_QUALITY
192,train,PROXY_VOTING,PROXY_VOTING,CLEAN
193,train,PATIENT_INTAKE,PATIENT_INTAKE,HIGH_QUALITY
194,train,Unknown,PHOTO_CHART,PHOTO
195,val,CHART,CHART,PHOTO
196,train,REAL_ESTATE,REAL_ESTATE,LOW_QUALITY
197,train,SHIPPING_INVOICE,SHIPPING_INVOICE,HIGH_QUALITY
198,val,PAY_IN_SHEET,PAY_IN_SHEET,LOW_QUALITY
199,train,PAY_IN_SHEET,PAY_IN_SHEET,LOW_QUALITY
200,train,PETITION_FORM,PETITION_FORM,HIGH_QUALITY
201,val,BANK_CHECK,BANK_CHECK,HIGH_QUALITY
202,train,ACCOUNT_STATEMENT,ACCOUNT_STATEMENT,LOW_QUALITY
203,train,FORM_1040,FORM_1040,CLEAN
204,train,ACCOUNT_STATEMENT,ACCOUNT_STATEMENT,CLEAN
205,train,SHIFT_SCHEDULE,SHIFT_SCHEDULE,LOW_QUALITY
206,train,CREDIT_CARD_STATEMENT,CREDIT_CARD_STATEMENT,CLEAN
207,train,SHIPPING_INVOICE,SHIPPING_INVOICE,CLEAN
208,test,CREDIT_CARD_STATEMENT,CREDIT_CARD_STATEMENT,CLEAN
209,train,PATIENT_INTAKE,PATIENT_INTAKE,HIGH_QUALITY
210,train,REAL_ESTATE,REAL_ESTATE,CLEAN
211,train,PROXY_VOTING,PROXY_VOTING,CLEAN
212,train,COMMERCIAL_LEASE_AGREEMENT,COMMERCIAL_LEASE_AGREEMENT,CLEAN
213,test,PATIENT_INTAKE,PATIENT_INTAKE,CLEAN
214,train,ACCOUNT_STATEMENT,ACCOUNT_STATEMENT,LOW_QUALITY
215,test,REAL_ESTATE,REAL_ESTATE,CLEAN
216,train,GLOSSARY,GLOSSARY,CLEAN
217,train,PROXY_VOTING,PROXY_VOTING,LOW_QUALITY
218,train,SHIFT_SCHEDULE,SHIFT_SCHEDULE,HIGH_QUALITY
219,test,SHIPPING_INVOICE,SHIPPING_INVOICE,HIGH_QUALITY
220,train,PATENT,PATENT,HIGH_QUALITY
221,val,CHART,CHART,CLEAN
222,test,ACCOUNT_STATEMENT,ACCOUNT_STATEMENT,CLEAN
223,train,PATIENT_INTAKE,PATIENT_INTAKE,LOW_QUALITY
224,test,COMMERCIAL_LEASE_AGREEMENT,COMMERCIAL_LEASE_AGREEMENT,LOW_QUALITY
225,train,SHIPPING_INVOICE,SHIPPING_INVOICE,CLEAN
226,train,GLOSSARY,GLOSSARY,HIGH_QUALITY
227,train,COMMERCIAL_LEASE_AGREEMENT,COMMERCIAL_LEASE_AGREEMENT,HIGH_QUALITY
228,train,PATIENT_INTAKE,PATIENT_INTAKE,CLEAN
229,train,SHIFT_SCHEDULE,SHIFT_SCHEDULE,LOW_QUALITY
230,train,EQUIPMENT_INSPECTION,EQUIPMENT_INSPECTION,HIGH_QUALITY
231,train,SHIFT_SCHEDULE,SHIFT_SCHEDULE,HIGH_QUALITY
232,train,CHART,CHART,CLEAN
233,train,CREDIT_CARD_STATEMENT,CREDIT_CARD_STATEMENT,LOW_QUALITY
234,train,ACCOUNT_STATEMENT,ACCOUNT_STATEMENT,LOW_QUALITY
235,test,PAY_IN_SHEET,PAY_IN_SHEET,CLEAN
236,train,COMMERCIAL_LEASE_AGREEMENT,COMMERCIAL_LEASE_AGREEMENT,CLEAN
237,train,REAL_ESTATE,REAL_ESTATE,CLEAN
238,train,EQUIPMENT_INSPECTION,EQUIPMENT_INSPECTION,CLEAN
239,train,PROXY_VOTING,PROXY_VOTING,HIGH_QUALITY
240,train,PROXY_VOTING,PROXY_VOTING,HIGH_QUALITY
241,test,SHIFT_SCHEDULE,SHIFT_SCHEDULE,CLEAN
242,val,EQUIPMENT_INSPECTION,EQUIPMENT_INSPECTION,HIGH_QUALITY
243,test,GLOSSARY,GLOSSARY,LOW_QUALITY
244,train,SHIPPING_INVOICE,SHIPPING_INVOICE,HIGH_QUALITY
245,train,NUTRITION,NUTRITION,HIGH_QUALITY
246,train,GLOSSARY,GLOSSARY,HIGH_QUALITY
247,train,NUTRITION,NUTRITION,HIGH_QUALITY
248,val,PROXY_VOTING,PROXY_VOTING,LOW_QUALITY
249,train,COMMERCIAL_LEASE_AGREEMENT,COMMERCIAL_LEASE_AGREEMENT,LOW_QUALITY
250,train,REAL_ESTATE,REAL_ESTATE,CLEAN
251,train,PROXY_VOTING,PROXY_VOTING,HIGH_QUALITY
252,train,BANK_CHECK,BANK_CHECK,HIGH_QUALITY
253,train,CREDIT_CARD_STATEMENT,CREDIT_CARD_STATEMENT,HIGH_QUALITY
254,train,SHIPPING_INVOICE,SHIPPING_INVOICE,HIGH_QUALITY
255,train,DELIVERY_NOTE,DELIVERY_NOTE,CLEAN
256,val,PATENT,PATENT,CLEAN
257,test,NUTRITION,NUTRITION,LOW_QUALITY
258,train,SHIFT_SCHEDULE,SHIFT_SCHEDULE,LOW_QUALITY
259,val,PATIENT_INTAKE,PATIENT_INTAKE,CLEAN
260,train,NUTRITION,NUTRITION,CLEAN
261,train,PROXY_VOTING,PROXY_VOTING,HIGH_QUALITY
262,train,SHIFT_SCHEDULE,SHIFT_SCHEDULE,LOW_QUALITY
263,train,PAY_IN_SHEET,PAY_IN_SHEET,CLEAN
264,train,Unknown,TABLE,PHOTO
265,train,FORM_1040,FORM_1040,CLEAN
266,train,GLOSSARY,GLOSSARY,LOW_QUALITY
267,train,NUTRITION,NUTRITION,CLEAN
268,train,CREDIT_CARD_STATEMENT,CREDIT_CARD_STATEMENT,HIGH_QUALITY
269,train,PROXY_VOTING,PROXY_VOTING,LOW_QUALITY
270,train,EQUIPMENT_INSPECTION,EQUIPMENT_INSPECTION,HIGH_QUALITY
271,train,SHIFT_SCHEDULE,SHIFT_SCHEDULE,LOW_QUALITY
272,train,SHIFT_SCHEDULE,SHIFT_SCHEDULE,CLEAN
273,train,CHART,CHART,CLEAN
274,train,FORM_1040,FORM_1040,CLEAN
275,train,BANK_CHECK,BANK_CHECK,HIGH_QUALITY
276,val,FORM_1040,FORM_1040,LOW_QUALITY
277,train,EQUIPMENT_INSPECTION,EQUIPMENT_INSPECTION,LOW_QUALITY
278,train,SHIFT_SCHEDULE,SHIFT_SCHEDULE,LOW_QUALITY
279,train,COMMERCIAL_LEASE_AGREEMENT,COMMERCIAL_LEASE_AGREEMENT,CLEAN
280,train,BANK_CHECK,BANK_CHECK,HIGH_QUALITY
281,train,COMMERCIAL_LEASE_AGREEMENT,COMMERCIAL_LEASE_AGREEMENT,CLEAN
282,train,CHART,CHART,CLEAN
283,train,FORM_1040,FORM_1040,CLEAN
284,train,DELIVERY_NOTE,DELIVERY_NOTE,CLEAN
285,train,BANK_CHECK,BANK_CHECK,CLEAN
286,train,PETITION_FORM,PETITION_FORM,HIGH_QUALITY
287,test,PATENT,PATENT,HIGH_QUALITY
288,train,FORM_1040,FORM_1040,LOW_QUALITY
289,train,BANK_CHECK,BANK_CHECK,CLEAN
290,train,COMMERCIAL_LEASE_AGREEMENT,COMMERCIAL_LEASE_AGREEMENT,LOW_QUALITY
291,train,ACCOUNT_STATEMENT,ACCOUNT_STATEMENT,LOW_QUALITY
292,val,BANK_CHECK,BANK_CHECK,HIGH_QUALITY
293,val,GLOSSARY,GLOSSARY,HIGH_QUALITY
294,train,PETITION_FORM,PETITION_FORM,LOW_QUALITY
295,test,REAL_ESTATE,REAL_ESTATE,HIGH_QUALITY
296,train,EQUIPMENT_INSPECTION,EQUIPMENT_INSPECTION,CLEAN
297,val,PROXY_VOTING,PROXY_VOTING,CLEAN
298,train,PAY_IN_SHEET,PAY_IN_SHEET,LOW_QUALITY
299,train,EQUIPMENT_INSPECTION,EQUIPMENT_INSPECTION,CLEAN
300,train,SHIPPING_INVOICE,SHIPPING_INVOICE,HIGH_QUALITY
301,train,COMMERCIAL_LEASE_AGREEMENT,COMMERCIAL_LEASE_AGREEMENT,CLEAN
302,train,ACCOUNT_STATEMENT,ACCOUNT_STATEMENT,HIGH_QUALITY
303,train,Unknown,PHOTO_TABLE,PHOTO
304,train,COMMERCIAL_LEASE_AGREEMENT,COMMERCIAL_LEASE_AGREEMENT,CLEAN
305,train,PROXY_VOTING,PROXY_VOTING,HIGH_QUALITY
306,val,REAL_ESTATE,REAL_ESTATE,HIGH_QUALITY
307,train,NUTRITION,NUTRITION,LOW_QUALITY
308,test,PAY_IN_SHEET,PAY_IN_SHEET,LOW_QUALITY
309,train,REAL_ESTATE,REAL_ESTATE,LOW_QUALITY
310,val,PATENT,PATENT,HIGH_QUALITY
311,test,COMMERCIAL_LEASE_AGREEMENT,COMMERCIAL_LEASE_AGREEMENT,LOW_QUALITY
312,val,GLOSSARY,GLOSSARY,HIGH_QUALITY
313,train,PAY_IN_SHEET,PAY_IN_SHEET,LOW_QUALITY
314,train,DELIVERY_NOTE,DELIVERY_NOTE,CLEAN
315,train,PAY_IN_SHEET,PAY_IN_SHEET,CLEAN
316,test,DELIVERY_NOTE,DELIVERY_NOTE,HIGH_QUALITY
317,train,PATENT,PATENT,LOW_QUALITY
318,test,REAL_ESTATE,REAL_ESTATE,LOW_QUALITY
319,train,FORM_1040,FORM_1040,CLEAN
320,train,PATIENT_INTAKE,PATIENT_INTAKE,LOW_QUALITY
321,train,COMMERCIAL_LEASE_AGREEMENT,COMMERCIAL_LEASE_AGREEMENT,CLEAN
322,train,BANK_CHECK,BANK_CHECK,CLEAN
323,val,PATIENT_INTAKE,PATIENT_INTAKE,HIGH_QUALITY
324,train,CREDIT_CARD_STATEMENT,CREDIT_CARD_STATEMENT,CLEAN
325,train,GLOSSARY,GLOSSARY,LOW_QUALITY
326,train,DELIVERY_NOTE,DELIVERY_NOTE,HIGH_QUALITY
327,val,CREDIT_CARD_STATEMENT,CREDIT_CARD_STATEMENT,CLEAN
328,test,FORM_1040,FORM_1040,CLEAN
329,train,NUTRITION,NUTRITION,LOW_QUALITY
330,val,COMMERCIAL_LEASE_AGREEMENT,COMMERCIAL_LEASE_AGREEMENT,LOW_QUALITY
331,train,PATENT,PATENT,CLEAN
332,val,SHIPPING_INVOICE,SHIPPING_INVOICE,HIGH_QUALITY
333,train,CREDIT_CARD_STATEMENT,CREDIT_CARD_STATEMENT,HIGH_QUALITY
334,train,ACCOUNT_STATEMENT,ACCOUNT_STATEMENT,CLEAN
335,train,CREDIT_CARD_STATEMENT,CREDIT_CARD_STATEMENT,HIGH_QUALITY
336,val,NUTRITION,NUTRITION,CLEAN
337,train,PATENT,PATENT,LOW_QUALITY
338,train,COMMERCIAL_LEASE_AGREEMENT,COMMERCIAL_LEASE_AGREEMENT,LOW_QUALITY
339,val,PETITION_FORM,PETITION_FORM,HIGH_QUALITY
340,train,CREDIT_CARD_STATEMENT,CREDIT_CARD_STATEMENT,CLEAN
341,test,REAL_ESTATE,REAL_ESTATE,LOW_QUALITY
342,train,DELIVERY_NOTE,DELIVERY_NOTE,CLEAN
343,train,FORM_1040,FORM_1040,LOW_QUALITY
344,train,FORM_1040,FORM_1040,CLEAN
345,train,CREDIT_CARD_STATEMENT,CREDIT_CARD_STATEMENT,CLEAN
346,test,SHIFT_SCHEDULE,SHIFT_SCHEDULE,HIGH_QUALITY
347,train,FORM_1040,FORM_1040,HIGH_QUALITY
348,train,PETITION_FORM,PETITION_FORM,CLEAN
349,train,CREDIT_CARD_STATEMENT,CREDIT_CARD_STATEMENT,HIGH_QUALITY
350,train,REAL_ESTATE,REAL_ESTATE,CLEAN
351,train,REAL_ESTATE,REAL_ESTATE,LOW_QUALITY
352,test,CREDIT_CARD_STATEMENT,CREDIT_CARD_STATEMENT,HIGH_QUALITY
353,train,PROXY_VOTING,PROXY_VOTING,HIGH_QUALITY
354,train,PROXY_VOTING,PROXY_VOTING,CLEAN
355,train,BANK_CHECK,BANK_CHECK,HIGH_QUALITY
356,train,NUTRITION,NUTRITION,HIGH_QUALITY
357,test,REAL_ESTATE,REAL_ESTATE,CLEAN
358,val,PROXY_VOTING,PROXY_VOTING,CLEAN
359,train,EQUIPMENT_INSPECTION,EQUIPMENT_INSPECTION,CLEAN
360,train,COMMERCIAL_LEASE_AGREEMENT,COMMERCIAL_LEASE_AGREEMENT,HIGH_QUALITY
361,train,SHIPPING_INVOICE,SHIPPING_INVOICE,CLEAN
362,train,EQUIPMENT_INSPECTION,EQUIPMENT_INSPECTION,LOW_QUALITY
363,train,REAL_ESTATE,REAL_ESTATE,HIGH_QUALITY
364,test,COMMERCIAL_LEASE_AGREEMENT,COMMERCIAL_LEASE_AGREEMENT,HIGH_QUALITY
365,test,FORM_1040,FORM_1040,HIGH_QUALITY
366,train,ACCOUNT_STATEMENT,ACCOUNT_STATEMENT,LOW_QUALITY
367,train,SHIPPING_INVOICE,SHIPPING_INVOICE,HIGH_QUALITY
368,train,PETITION_FORM,PETITION_FORM,LOW_QUALITY
369,test,BANK_CHECK,BANK_CHECK,CLEAN
370,train,PATIENT_INTAKE,PATIENT_INTAKE,HIGH_QUALITY
371,val,PATIENT_INTAKE,PATIENT_INTAKE,PHOTO
372,train,PAY_IN_SHEET,PAY_IN_SHEET,CLEAN
373,train,PATENT,PATENT,CLEAN
374,train,NUTRITION,NUTRITION,HIGH_QUALITY
375,train,PAY_IN_SHEET,PAY_IN_SHEET,CLEAN
376,val,REAL_ESTATE,REAL_ESTATE,LOW_QUALITY
377,val,BANK_CHECK,BANK_CHECK,HIGH_QUALITY
378,train,PAY_IN_SHEET,PAY_IN_SHEET,HIGH_QUALITY
379,val,GLOSSARY,GLOSSARY,HIGH_QUALITY
380,train,REAL_ESTATE,REAL_ESTATE,LOW_QUALITY
381,train,PROXY_VOTING,PROXY_VOTING,LOW_QUALITY
382,train,PETITION_FORM,PETITION_FORM,CLEAN
383,test,PAY_IN_SHEET,PAY_IN_SHEET,CLEAN
384,val,PETITION_FORM,PETITION_FORM,HIGH_QUALITY
385,train,NUTRITION,NUTRITION,LOW_QUALITY
386,train,PATIENT_INTAKE,PATIENT_INTAKE,CLEAN
387,train,ACCOUNT_STATEMENT,ACCOUNT_STATEMENT,LOW_QUALITY
388,train,ACCOUNT_STATEMENT,ACCOUNT_STATEMENT,LOW_QUALITY
389,train,PETITION_FORM,PETITION_FORM,LOW_QUALITY
390,train,PATIENT_INTAKE,PATIENT_INTAKE,LOW_QUALITY
391,train,CREDIT_CARD_STATEMENT,CREDIT_CARD_STATEMENT,HIGH_QUALITY
392,val,SHIPPING_INVOICE,SHIPPING_INVOICE,CLEAN
393,train,GLOSSARY,GLOSSARY,LOW_QUALITY
394,val,SHIFT_SCHEDULE,SHIFT_SCHEDULE,HIGH_QUALITY
395,train,PATENT,PATENT,CLEAN
396,val,CREDIT_CARD_STATEMENT,CREDIT_CARD_STATEMENT,CLEAN
397,train,GLOSSARY,GLOSSARY,HIGH_QUALITY
398,test,ACCOUNT_STATEMENT,ACCOUNT_STATEMENT,CLEAN
399,test,DELIVERY_NOTE,DELIVERY_NOTE,CLEAN
400,train,PETITION_FORM,PETITION_FORM,LOW_QUALITY
401,train,COMMERCIAL_LEASE_AGREEMENT,COMMERCIAL_LEASE_AGREEMENT,HIGH_QUALITY
402,test,PATIENT_INTAKE,PATIENT_INTAKE,CLEAN
403,train,PATIENT_INTAKE,PATIENT_INTAKE,LOW_QUALITY
404,train,BANK_CHECK,BANK_CHECK,CLEAN
405,train,CREDIT_CARD_STATEMENT,CREDIT_CARD_STATEMENT,LOW_QUALITY
406,train,PETITION_FORM,PETITION_FORM,HIGH_QUALITY
407,train,Unknown,DRIVER_LICENSE,PHOTO
408,train,BANK_CHECK,BANK_CHECK,CLEAN
409,test,PAY_IN_SHEET,PAY_IN_SHEET,LOW_QUALITY
410,train,CREDIT_CARD_STATEMENT,CREDIT_CARD_STATEMENT,LOW_QUALITY
411,train,GLOSSARY,GLOSSARY,LOW_QUALITY
412,train,NUTRITION,NUTRITION,HIGH_QUALITY
413,train,REAL_ESTATE,REAL_ESTATE,LOW_QUALITY
414,train,DELIVERY_NOTE,DELIVERY_NOTE,HIGH_QUALITY
415,val,Unknown,SCANNED_TABLE,PHOTO
416,train,REAL_ESTATE,REAL_ESTATE,CLEAN
417,train,CREDIT_CARD_STATEMENT,CREDIT_CARD_STATEMENT,HIGH_QUALITY
418,train,PROXY_VOTING,PROXY_VOTING,CLEAN
419,val,CHART,CHART,CLEAN
420,train,BANK_CHECK,BANK_CHECK,CLEAN
421,train,DELIVERY_NOTE,DELIVERY_NOTE,HIGH_QUALITY
422,train,CHART,CHART,CLEAN
423,train,DELIVERY_NOTE,DELIVERY_NOTE,CLEAN
424,train,CREDIT_CARD_STATEMENT,CREDIT_CARD_STATEMENT,HIGH_QUALITY
425,train,SHIFT_SCHEDULE,SHIFT_SCHEDULE,HIGH_QUALITY
426,train,Unknown,SCANNED_FORM,PHOTO
427,val,GLOSSARY,GLOSSARY,CLEAN
428,train,PATENT,PATENT,LOW_QUALITY
429,train,COMMERCIAL_LEASE_AGREEMENT,COMMERCIAL_LEASE_AGREEMENT,CLEAN
430,test,Unknown,TABLE,PHOTO
431,train,PETITION_FORM,PETITION_FORM,CLEAN
432,train,DELIVERY_NOTE,DELIVERY_NOTE,LOW_QUALITY
433,train,NUTRITION,NUTRITION,LOW_QUALITY
434,test,PATIENT_INTAKE,PATIENT_INTAKE,LOW_QUALITY
435,train,CHART,CHART,CLEAN
436,train,NUTRITION,NUTRITION,LOW_QUALITY
437,train,DELIVERY_NOTE,DELIVERY_NOTE,CLEAN
438,val,SHIFT_SCHEDULE,SHIFT_SCHEDULE,HIGH_QUALITY
439,val,SHIFT_SCHEDULE,SHIFT_SCHEDULE,CLEAN
440,val,COMMERCIAL_LEASE_AGREEMENT,COMMERCIAL_LEASE_AGREEMENT,CLEAN
441,train,SHIFT_SCHEDULE,SHIFT_SCHEDULE,CLEAN
442,train,BANK_CHECK,BANK_CHECK,LOW_QUALITY
443,train,SHIFT_SCHEDULE,SHIFT_SCHEDULE,LOW_QUALITY
444,train,EQUIPMENT_INSPECTION,EQUIPMENT_INSPECTION,CLEAN
445,train,NUTRITION,NUTRITION,CLEAN
446,train,PROXY_VOTING,PROXY_VOTING,LOW_QUALITY
447,train,ACCOUNT_STATEMENT,ACCOUNT_STATEMENT,LOW_QUALITY
448,train,REAL_ESTATE,REAL_ESTATE,HIGH_QUALITY
449,train,BANK_CHECK,BANK_CHECK,CLEAN
450,train,ACCOUNT_STATEMENT,ACCOUNT_STATEMENT,LOW_QUALITY
451,train,EQUIPMENT_INSPECTION,EQUIPMENT_INSPECTION,HIGH_QUALITY
452,val,ACCOUNT_STATEMENT,ACCOUNT_STATEMENT,HIGH_QUALITY
453,test,EQUIPMENT_INSPECTION,EQUIPMENT_INSPECTION,CLEAN
454,train,REAL_ESTATE,REAL_ESTATE,HIGH_QUALITY
455,train,SHIPPING_INVOICE,SHIPPING_INVOICE,LOW_QUALITY
456,train,PATIENT_INTAKE,PATIENT_INTAKE,CLEAN
457,train,FORM_1040,FORM_1040,LOW_QUALITY
458,val,EQUIPMENT_INSPECTION,EQUIPMENT_INSPECTION,HIGH_QUALITY
459,train,PATIENT_INTAKE,PATIENT_INTAKE,LOW_QUALITY
460,train,GLOSSARY,GLOSSARY,LOW_QUALITY
461,train,EQUIPMENT_INSPECTION,EQUIPMENT_INSPECTION,HIGH_QUALITY
462,train,PAY_IN_SHEET,PAY_IN_SHEET,CLEAN
463,train,PAY_IN_SHEET,PAY_IN_SHEET,HIGH_QUALITY
464,train,PROXY_VOTING,PROXY_VOTING,HIGH_QUALITY
465,train,Unknown,FORM,PHOTO
466,train,NUTRITION,NUTRITION,HIGH_QUALITY
467,train,PROXY_VOTING,PROXY_VOTING,CLEAN
468,train,DELIVERY_NOTE,DELIVERY_NOTE,LOW_QUALITY
469,val,Unknown,EARNINGS_REPORT,PHOTO
470,train,PATENT,PATENT,HIGH_QUALITY
471,train,PROXY_VOTING,PROXY_VOTING,LOW_QUALITY
472,train,PETITION_FORM,PETITION_FORM,HIGH_QUALITY
473,test,DELIVERY_NOTE,DELIVERY_NOTE,HIGH_QUALITY
474,train,SHIPPING_INVOICE,SHIPPING_INVOICE,LOW_QUALITY
475,train,CHART,CHART,CLEAN
476,train,PETITION_FORM,PETITION_FORM,CLEAN
477,train,PATIENT_INTAKE,PATIENT_INTAKE,LOW_QUALITY
478,train,SHIFT_SCHEDULE,SHIFT_SCHEDULE,HIGH_QUALITY
479,val,CREDIT_CARD_STATEMENT,CREDIT_CARD_STATEMENT,HIGH_QUALITY
480,train,GLOSSARY,GLOSSARY,HIGH_QUALITY
481,train,REAL_ESTATE,REAL_ESTATE,CLEAN
482,train,FORM_1040,FORM_1040,HIGH_QUALITY
483,train,CREDIT_CARD_STATEMENT,CREDIT_CARD_STATEMENT,HIGH_QUALITY
484,train,Unknown,TABLE,PHOTO
485,train,EQUIPMENT_INSPECTION,EQUIPMENT_INSPECTION,HIGH_QUALITY
486,train,SHIPPING_INVOICE,SHIPPING_INVOICE,CLEAN
487,train,SHIPPING_INVOICE,SHIPPING_INVOICE,HIGH_QUALITY
488,train,PETITION_FORM,PETITION_FORM,HIGH_QUALITY
489,test,SHIPPING_INVOICE,SHIPPING_INVOICE,LOW_QUALITY
490,train,EQUIPMENT_INSPECTION,EQUIPMENT_INSPECTION,HIGH_QUALITY
491,train,PATIENT_INTAKE,PATIENT_INTAKE,HIGH_QUALITY
492,train,REAL_ESTATE,REAL_ESTATE,HIGH_QUALITY
493,train,PAY_IN_SHEET,PAY_IN_SHEET,HIGH_QUALITY
494,test,NUTRITION,NUTRITION,HIGH_QUALITY
495,train,SHIPPING_INVOICE,SHIPPING_INVOICE,CLEAN
496,train,COMMERCIAL_LEASE_AGREEMENT,COMMERCIAL_LEASE_AGREEMENT,HIGH_QUALITY
497,train,PATENT,PATENT,LOW_QUALITY
498,test,PROXY_VOTING,PROXY_VOTING,CLEAN
499,test,PETITION_FORM,PETITION_FORM,CLEAN
500,val,GLOSSARY,GLOSSARY,HIGH_QUALITY
501,val,SHIFT_SCHEDULE,SHIFT_SCHEDULE,HIGH_QUALITY
502,train,Unknown,PHOTO_NUTRITION,PHOTO
503,train,BANK_CHECK,BANK_CHECK,HIGH_QUALITY
504,val,CREDIT_CARD_STATEMENT,CREDIT_CARD_STATEMENT,HIGH_QUALITY
505,train,FORM_1040,FORM_1040,PHOTO
506,train,FORM_1040,FORM_1040,CLEAN
507,train,DELIVERY_NOTE,DELIVERY_NOTE,CLEAN
508,train,BANK_CHECK,BANK_CHECK,HIGH_QUALITY
509,val,SHIPPING_INVOICE,SHIPPING_INVOICE,HIGH_QUALITY
510,train,DELIVERY_NOTE,DELIVERY_NOTE,LOW_QUALITY
511,train,EQUIPMENT_INSPECTION,EQUIPMENT_INSPECTION,HIGH_QUALITY
512,train,PATENT,PATENT,CLEAN
513,val,PATENT,PATENT,LOW_QUALITY
514,train,PATIENT_INTAKE,PATIENT_INTAKE,HIGH_QUALITY
515,train,SHIFT_SCHEDULE,SHIFT_SCHEDULE,HIGH_QUALITY
516,train,CREDIT_CARD_STATEMENT,CREDIT_CARD_STATEMENT,CLEAN
517,train,DELIVERY_NOTE,DELIVERY_NOTE,PHOTO
518,test,COMMERCIAL_LEASE_AGREEMENT,COMMERCIAL_LEASE_AGREEMENT,HIGH_QUALITY
519,train,NUTRITION,NUTRITION,HIGH_QUALITY
520,train,PETITION_FORM,PETITION_FORM,CLEAN
521,train,SHIPPING_INVOICE,SHIPPING_INVOICE,HIGH_QUALITY
522,val,SHIFT_SCHEDULE,SHIFT_SCHEDULE,LOW_QUALITY
523,val,SHIFT_SCHEDULE,SHIFT_SCHEDULE,LOW_QUALITY
524,train,SHIFT_SCHEDULE,SHIFT_SCHEDULE,PHOTO
525,val,PETITION_FORM,PETITION_FORM,HIGH_QUALITY
526,train,PETITION_FORM,PETITION_FORM,LOW_QUALITY
527,train,NUTRITION,NUTRITION,HIGH_QUALITY
528,test,PETITION_FORM,PETITION_FORM,CLEAN
529,train,CREDIT_CARD_STATEMENT,CREDIT_CARD_STATEMENT,CLEAN
530,train,REAL_ESTATE,REAL_ESTATE,HIGH_QUALITY
531,train,FORM_1040,FORM_1040,LOW_QUALITY
532,train,PETITION_FORM,PETITION_FORM,CLEAN
533,train,REAL_ESTATE,REAL_ESTATE,LOW_QUALITY
534,val,ACCOUNT_STATEMENT,ACCOUNT_STATEMENT,HIGH_QUALITY
535,train,PROXY_VOTING,PROXY_VOTING,LOW_QUALITY
536,train,COMMERCIAL_LEASE_AGREEMENT,COMMERCIAL_LEASE_AGREEMENT,CLEAN
537,train,CHART,CHART,CLEAN
538,train,NUTRITION,NUTRITION,HIGH_QUALITY
539,train,PAY_IN_SHEET,PAY_IN_SHEET,LOW_QUALITY
540,train,PAY_IN_SHEET,PAY_IN_SHEET,CLEAN
541,train,Unknown,TABLE,PHOTO
542,test,PAY_IN_SHEET,PAY_IN_SHEET,HIGH_QUALITY
543,train,GLOSSARY,GLOSSARY,HIGH_QUALITY
544,train,BANK_CHECK,BANK_CHECK,CLEAN
545,train,DELIVERY_NOTE,DELIVERY_NOTE,HIGH_QUALITY
546,test,GLOSSARY,GLOSSARY,HIGH_QUALITY
547,val,NUTRITION,NUTRITION,LOW_QUALITY
548,test,CHART,CHART,CLEAN
549,train,SHIPPING_INVOICE,SHIPPING_INVOICE,HIGH_QUALITY
550,train,FORM_1040,FORM_1040,LOW_QUALITY
551,val,SHIPPING_INVOICE,SHIPPING_INVOICE,CLEAN
552,val,PAY_IN_SHEET,PAY_IN_SHEET,HIGH_QUALITY
553,train,BANK_CHECK,BANK_CHECK,HIGH_QUALITY
554,train,SHIPPING_INVOICE,SHIPPING_INVOICE,HIGH_QUALITY
555,train,COMMERCIAL_LEASE_AGREEMENT,COMMERCIAL_LEASE_AGREEMENT,LOW_QUALITY
556,val,PATIENT_INTAKE,PATIENT_INTAKE,LOW_QUALITY
557,test,COMMERCIAL_LEASE_AGREEMENT,COMMERCIAL_LEASE_AGREEMENT,CLEAN
558,train,BANK_CHECK,BANK_CHECK,CLEAN
559,train,REAL_ESTATE,REAL_ESTATE,HIGH_QUALITY
560,train,CREDIT_CARD_STATEMENT,CREDIT_CARD_STATEMENT,HIGH_QUALITY
561,train,Unknown,TABLE,PHOTO
562,train,PATENT,PATENT,CLEAN
563,train,SHIFT_SCHEDULE,SHIFT_SCHEDULE,CLEAN
564,val,PAY_IN_SHEET,PAY_IN_SHEET,CLEAN
565,train,PATENT,PATENT,LOW_QUALITY
566,train,NUTRITION,NUTRITION,CLEAN
567,train,SHIPPING_INVOICE,SHIPPING_INVOICE,CLEAN
568,train,DELIVERY_NOTE,DELIVERY_NOTE,CLEAN
569,train,PATIENT_INTAKE,PATIENT_INTAKE,LOW_QUALITY
570,train,NUTRITION,NUTRITION,LOW_QUALITY
571,train,PETITION_FORM,PETITION_FORM,HIGH_QUALITY
572,val,FORM_1040,FORM_1040,CLEAN
573,train,PROXY_VOTING,PROXY_VOTING,HIGH_QUALITY
574,val,PROXY_VOTING,PROXY_VOTING,CLEAN
575,train,PETITION_FORM,PETITION_FORM,HIGH_QUALITY
576,train,NUTRITION,NUTRITION,CLEAN
577,test,BANK_CHECK,BANK_CHECK,LOW_QUALITY
578,val,REAL_ESTATE,REAL_ESTATE,CLEAN
579,test,CHART,CHART,CLEAN
580,train,NUTRITION,NUTRITION,LOW_QUALITY
581,train,PROXY_VOTING,PROXY_VOTING,HIGH_QUALITY
582,val,DELIVERY_NOTE,DELIVERY_NOTE,CLEAN
583,train,PAY_IN_SHEET,PAY_IN_SHEET,HIGH_QUALITY
584,val,PROXY_VOTING,PROXY_VOTING,CLEAN
585,train,PATENT,PATENT,CLEAN
586,train,SHIPPING_INVOICE,SHIPPING_INVOICE,LOW_QUALITY
587,train,PAY_IN_SHEET,PAY_IN_SHEET,CLEAN
588,val,PATENT,PATENT,CLEAN
589,train,REAL_ESTATE,REAL_ESTATE,HIGH_QUALITY
590,train,SHIPPING_INVOICE,SHIPPING_INVOICE,CLEAN
591,val,PATENT,PATENT,HIGH_QUALITY
592,train,CREDIT_CARD_STATEMENT,CREDIT_CARD_STATEMENT,CLEAN
593,train,CREDIT_CARD_STATEMENT,CREDIT_CARD_STATEMENT,CLEAN
594,train,REAL_ESTATE,REAL_ESTATE,LOW_QUALITY
595,test,PATIENT_INTAKE,PATIENT_INTAKE,HIGH_QUALITY
596,train,COMMERCIAL_LEASE_AGREEMENT,COMMERCIAL_LEASE_AGREEMENT,LOW_QUALITY
597,test,SHIFT_SCHEDULE,SHIFT_SCHEDULE,HIGH_QUALITY
598,val,CREDIT_CARD_STATEMENT,CREDIT_CARD_STATEMENT,CLEAN
599,test,REAL_ESTATE,REAL_ESTATE,LOW_QUALITY
600,test,PROXY_VOTING,PROXY_VOTING,LOW_QUALITY
601,train,SHIPPING_INVOICE,SHIPPING_INVOICE,LOW_QUALITY
602,train,COMMERCIAL_LEASE_AGREEMENT,COMMERCIAL_LEASE_AGREEMENT,HIGH_QUALITY
603,train,GLOSSARY,GLOSSARY,HIGH_QUALITY
604,train,SHIPPING_INVOICE,SHIPPING_INVOICE,LOW_QUALITY
605,test,SHIPPING_INVOICE,SHIPPING_INVOICE,LOW_QUALITY
606,train,BANK_CHECK,BANK_CHECK,HIGH_QUALITY
607,val,EQUIPMENT_INSPECTION,EQUIPMENT_INSPECTION,HIGH_QUALITY
608,train,PATIENT_INTAKE,PATIENT_INTAKE,CLEAN
609,train,DELIVERY_NOTE,DELIVERY_NOTE,LOW_QUALITY
610,train,PATENT,PATENT,HIGH_QUALITY
611,val,REAL_ESTATE,REAL_ESTATE,HIGH_QUALITY
612,train,PAY_IN_SHEET,PAY_IN_SHEET,LOW_QUALITY
613,test,GLOSSARY,GLOSSARY,CLEAN
614,train,SHIPPING_INVOICE,SHIPPING_INVOICE,HIGH_QUALITY
615,test,EQUIPMENT_INSPECTION,EQUIPMENT_INSPECTION,LOW_QUALITY
616,train,DELIVERY_NOTE,DELIVERY_NOTE,HIGH_QUALITY
617,train,NUTRITION,NUTRITION,LOW_QUALITY
618,train,BANK_CHECK,BANK_CHECK,HIGH_QUALITY
619,test,PROXY_VOTING,PROXY_VOTING,HIGH_QUALITY
620,train,PAY_IN_SHEET,PAY_IN_SHEET,CLEAN
621,val,CHART,CHART,CLEAN
622,test,SHIPPING_INVOICE,SHIPPING_INVOICE,CLEAN
623,train,BANK_CHECK,BANK_CHECK,HIGH_QUALITY
624,test,SHIPPING_INVOICE,SHIPPING_INVOICE,CLEAN
625,train,NUTRITION,NUTRITION,CLEAN
626,train,BANK_CHECK,BANK_CHECK,CLEAN
627,test,NUTRITION,NUTRITION,LOW_QUALITY
628,train,PROXY_VOTING,PROXY_VOTING,CLEAN
629,val,ACCOUNT_STATEMENT,ACCOUNT_STATEMENT,CLEAN
630,train,PATENT,PATENT,LOW_QUALITY
631,train,PAY_IN_SHEET,PAY_IN_SHEET,CLEAN
632,train,PAY_IN_SHEET,PAY_IN_SHEET,HIGH_QUALITY
633,train,SHIPPING_INVOICE,SHIPPING_INVOICE,LOW_QUALITY
634,test,NUTRITION,NUTRITION,CLEAN
635,train,PAY_IN_SHEET,PAY_IN_SHEET,CLEAN
636,train,GLOSSARY,GLOSSARY,LOW_QUALITY
637,train,CHART,CHART,PHOTO
638,test,Unknown,SLIDES,PHOTO
639,train,COMMERCIAL_LEASE_AGREEMENT,COMMERCIAL_LEASE_AGREEMENT,LOW_QUALITY
640,train,SHIPPING_INVOICE,SHIPPING_INVOICE,CLEAN
641,val,CREDIT_CARD_STATEMENT,CREDIT_CARD_STATEMENT,CLEAN
642,test,DELIVERY_NOTE,DELIVERY_NOTE,HIGH_QUALITY
643,val,PATENT,PATENT,HIGH_QUALITY
644,test,REAL_ESTATE,REAL_ESTATE,CLEAN
645,train,EQUIPMENT_INSPECTION,EQUIPMENT_INSPECTION,HIGH_QUALITY
646,train,PROXY_VOTING,PROXY_VOTING,LOW_QUALITY
647,train,PATIENT_INTAKE,PATIENT_INTAKE,LOW_QUALITY
648,train,BANK_CHECK,BANK_CHECK,CLEAN
649,train,Unknown,DIAGRAM,PHOTO
650,train,REAL_ESTATE,REAL_ESTATE,CLEAN
651,train,ACCOUNT_STATEMENT,ACCOUNT_STATEMENT,CLEAN
652,val,FORM_1040,FORM_1040,HIGH_QUALITY
653,train,CREDIT_CARD_STATEMENT,CREDIT_CARD_STATEMENT,LOW_QUALITY
654,train,PETITION_FORM,PETITION_FORM,CLEAN
655,val,EQUIPMENT_INSPECTION,EQUIPMENT_INSPECTION,HIGH_QUALITY
656,train,DELIVERY_NOTE,DELIVERY_NOTE,LOW_QUALITY
657,val,FORM_1040,FORM_1040,CLEAN
658,train,CHART,CHART,CLEAN
659,train,EQUIPMENT_INSPECTION,EQUIPMENT_INSPECTION,LOW_QUALITY
660,val,DELIVERY_NOTE,DELIVERY_NOTE,CLEAN
661,test,Unknown,SCANNED_FORM,PHOTO
662,train,REAL_ESTATE,REAL_ESTATE,HIGH_QUALITY
663,train,PAY_IN_SHEET,PAY_IN_SHEET,LOW_QUALITY
664,train,Unknown,PHOTO_RECEIPT,PHOTO
665,train,PETITION_FORM,PETITION_FORM,CLEAN
666,train,EQUIPMENT_INSPECTION,EQUIPMENT_INSPECTION,HIGH_QUALITY
667,train,REAL_ESTATE,REAL_ESTATE,LOW_QUALITY
668,train,REAL_ESTATE,REAL_ESTATE,CLEAN
669,train,REAL_ESTATE,REAL_ESTATE,LOW_QUALITY
670,train,PETITION_FORM,PETITION_FORM,HIGH_QUALITY
671,val,EQUIPMENT_INSPECTION,EQUIPMENT_INSPECTION,HIGH_QUALITY
672,train,PATENT,PATENT,HIGH_QUALITY
673,train,CREDIT_CARD_STATEMENT,CREDIT_CARD_STATEMENT,LOW_QUALITY
674,train,FORM_1040,FORM_1040,HIGH_QUALITY
675,train,PATENT,PATENT,LOW_QUALITY
676,train,ACCOUNT_STATEMENT,ACCOUNT_STATEMENT,LOW_QUALITY
677,train,PROXY_VOTING,PROXY_VOTING,LOW_QUALITY
678,train,PATIENT_INTAKE,PATIENT_INTAKE,HIGH_QUALITY
679,train,Unknown,EARNINGS_REPORT,PHOTO
680,train,COMMERCIAL_LEASE_AGREEMENT,COMMERCIAL_LEASE_AGREEMENT,LOW_QUALITY
681,train,CHART,CHART,PHOTO
682,train,PETITION_FORM,PETITION_FORM,LOW_QUALITY
683,train,SHIPPING_INVOICE,SHIPPING_INVOICE,CLEAN
684,train,PATENT,PATENT,LOW_QUALITY
685,val,EQUIPMENT_INSPECTION,EQUIPMENT_INSPECTION,CLEAN
686,train,PAY_IN_SHEET,PAY_IN_SHEET,LOW_QUALITY
687,val,NUTRITION,NUTRITION,HIGH_QUALITY
688,train,DELIVERY_NOTE,DELIVERY_NOTE,LOW_QUALITY
689,val,REAL_ESTATE,REAL_ESTATE,HIGH_QUALITY
690,train,SHIFT_SCHEDULE,SHIFT_SCHEDULE,HIGH_QUALITY
691,val,BANK_CHECK,BANK_CHECK,HIGH_QUALITY
692,train,GLOSSARY,GLOSSARY,CLEAN
693,train,ACCOUNT_STATEMENT,ACCOUNT_STATEMENT,CLEAN
694,test,Unknown,FORM,PHOTO
695,train,DELIVERY_NOTE,DELIVERY_NOTE,CLEAN
696,train,CREDIT_CARD_STATEMENT,CREDIT_CARD_STATEMENT,HIGH_QUALITY
697,val,REAL_ESTATE,REAL_ESTATE,CLEAN
698,train,DELIVERY_NOTE,DELIVERY_NOTE,CLEAN
699,train,SHIPPING_INVOICE,SHIPPING_INVOICE,LOW_QUALITY
700,train,GLOSSARY,GLOSSARY,HIGH_QUALITY
701,train,COMMERCIAL_LEASE_AGREEMENT,COMMERCIAL_LEASE_AGREEMENT,CLEAN
702,test,REAL_ESTATE,REAL_ESTATE,CLEAN
703,val,Unknown,DRIVER_LICENSE,PHOTO
704,train,Unknown,SCANNED_TABLE,PHOTO
705,val,REAL_ESTATE,REAL_ESTATE,LOW_QUALITY
706,test,BANK_CHECK,BANK_CHECK,CLEAN
707,train,BANK_CHECK,BANK_CHECK,LOW_QUALITY
708,test,SHIPPING_INVOICE,SHIPPING_INVOICE,HIGH_QUALITY
709,test,PROXY_VOTING,PROXY_VOTING,HIGH_QUALITY
710,test,CREDIT_CARD_STATEMENT,CREDIT_CARD_STATEMENT,LOW_QUALITY
711,train,ACCOUNT_STATEMENT,ACCOUNT_STATEMENT,HIGH_QUALITY
712,train,FORM_1040,FORM_1040,HIGH_QUALITY
713,train,EQUIPMENT_INSPECTION,EQUIPMENT_INSPECTION,LOW_QUALITY
714,val,DELIVERY_NOTE,DELIVERY_NOTE,HIGH_QUALITY
715,train,PATENT,PATENT,CLEAN
716,test,NUTRITION,NUTRITION,LOW_QUALITY
717,train,ACCOUNT_STATEMENT,ACCOUNT_STATEMENT,HIGH_QUALITY
718,val,PETITION_FORM,PETITION_FORM,LOW_QUALITY
719,train,DELIVERY_NOTE,DELIVERY_NOTE,HIGH_QUALITY
720,test,PATENT,PATENT,CLEAN
721,test,ACCOUNT_STATEMENT,ACCOUNT_STATEMENT,LOW_QUALITY
722,train,GLOSSARY,GLOSSARY,CLEAN
723,train,ACCOUNT_STATEMENT,ACCOUNT_STATEMENT,CLEAN
724,test,Unknown,FORM,PHOTO
725,train,CREDIT_CARD_STATEMENT,CREDIT_CARD_STATEMENT,CLEAN
726,val,PATIENT_INTAKE,PATIENT_INTAKE,HIGH_QUALITY
727,test,FORM_1040,FORM_1040,HIGH_QUALITY
728,train,PATENT,PATENT,CLEAN
729,train,ACCOUNT_STATEMENT,ACCOUNT_STATEMENT,LOW_QUALITY
730,test,PATENT,PATENT,LOW_QUALITY
731,train,SHIFT_SCHEDULE,SHIFT_SCHEDULE,CLEAN
732,val,PETITION_FORM,PETITION_FORM,LOW_QUALITY
733,test,NUTRITION,NUTRITION,LOW_QUALITY
734,train,PROXY_VOTING,PROXY_VOTING,CLEAN
735,train,EQUIPMENT_INSPECTION,EQUIPMENT_INSPECTION,HIGH_QUALITY
736,train,ACCOUNT_STATEMENT,ACCOUNT_STATEMENT,LOW_QUALITY
737,train,SHIFT_SCHEDULE,SHIFT_SCHEDULE,HIGH_QUALITY
738,train,ACCOUNT_STATEMENT,ACCOUNT_STATEMENT,CLEAN
739,test,PETITION_FORM,PETITION_FORM,CLEAN
740,test,GLOSSARY,GLOSSARY,HIGH_QUALITY
741,val,PATENT,PATENT,CLEAN
742,train,NUTRITION,NUTRITION,CLEAN
743,val,PATIENT_INTAKE,PATIENT_INTAKE,CLEAN
744,train,EQUIPMENT_INSPECTION,EQUIPMENT_INSPECTION,LOW_QUALITY
745,train,PAY_IN_SHEET,PAY_IN_SHEET,HIGH_QUALITY
746,train,PATENT,PATENT,HIGH_QUALITY
747,train,GLOSSARY,GLOSSARY,CLEAN
748,val,PAY_IN_SHEET,PAY_IN_SHEET,HIGH_QUALITY
749,train,SHIPPING_INVOICE,SHIPPING_INVOICE,HIGH_QUALITY
750,train,PAY_IN_SHEET,PAY_IN_SHEET,LOW_QUALITY
751,train,BANK_CHECK,BANK_CHECK,LOW_QUALITY
752,train,FORM_1040,FORM_1040,HIGH_QUALITY
753,train,PATIENT_INTAKE,PATIENT_INTAKE,LOW_QUALITY
754,train,COMMERCIAL_LEASE_AGREEMENT,COMMERCIAL_LEASE_AGREEMENT,CLEAN
755,train,REAL_ESTATE,REAL_ESTATE,HIGH_QUALITY
756,train,COMMERCIAL_LEASE_AGREEMENT,COMMERCIAL_LEASE_AGREEMENT,LOW_QUALITY
757,train,CREDIT_CARD_STATEMENT,CREDIT_CARD_STATEMENT,HIGH_QUALITY
758,test,GLOSSARY,GLOSSARY,CLEAN
759,train,SHIFT_SCHEDULE,SHIFT_SCHEDULE,HIGH_QUALITY
760,train,PATENT,PATENT,PHOTO
761,train,ACCOUNT_STATEMENT,ACCOUNT_STATEMENT,CLEAN
762,train,FORM_1040,FORM_1040,HIGH_QUALITY
763,train,BANK_CHECK,BANK_CHECK,LOW_QUALITY
764,train,PATIENT_INTAKE,PATIENT_INTAKE,HIGH_QUALITY
765,val,ACCOUNT_STATEMENT,ACCOUNT_STATEMENT,CLEAN
766,train,GLOSSARY,GLOSSARY,HIGH_QUALITY
767,train,DELIVERY_NOTE,DELIVERY_NOTE,HIGH_QUALITY
768,train,PATENT,PATENT,LOW_QUALITY
769,train,SHIFT_SCHEDULE,SHIFT_SCHEDULE,CLEAN
770,val,PROXY_VOTING,PROXY_VOTING,LOW_QUALITY
771,train,PETITION_FORM,PETITION_FORM,LOW_QUALITY
772,test,SHIPPING_INVOICE,SHIPPING_INVOICE,PHOTO
773,test,PATIENT_INTAKE,PATIENT_INTAKE,HIGH_QUALITY
774,train,GLOSSARY,GLOSSARY,LOW_QUALITY
775,train,COMMERCIAL_LEASE_AGREEMENT,COMMERCIAL_LEASE_AGREEMENT,HIGH_QUALITY
776,test,COMMERCIAL_LEASE_AGREEMENT,COMMERCIAL_LEASE_AGREEMENT,LOW_QUALITY
777,val,CHART,CHART,CLEAN
778,train,PATIENT_INTAKE,PATIENT_INTAKE,HIGH_QUALITY
779,train,Unknown,TABLE,PHOTO
780,val,PATENT,PATENT,HIGH_QUALITY
781,test,EQUIPMENT_INSPECTION,EQUIPMENT_INSPECTION,HIGH_QUALITY
782,train,SHIFT_SCHEDULE,SHIFT_SCHEDULE,LOW_QUALITY
783,train,CHART,CHART,CLEAN
784,train,PATENT,PATENT,CLEAN
785,train,PATIENT_INTAKE,PATIENT_INTAKE,LOW_QUALITY
786,test,COMMERCIAL_LEASE_AGREEMENT,COMMERCIAL_LEASE_AGREEMENT,HIGH_QUALITY
787,test,PATENT,PATENT,LOW_QUALITY
788,train,ACCOUNT_STATEMENT,ACCOUNT_STATEMENT,LOW_QUALITY
789,test,PATIENT_INTAKE,PATIENT_INTAKE,HIGH_QUALITY
790,train,SHIFT_SCHEDULE,SHIFT_SCHEDULE,LOW_QUALITY
791,test,PETITION_FORM,PETITION_FORM,CLEAN
792,train,FORM_1040,FORM_1040,CLEAN
793,test,COMMERCIAL_LEASE_AGREEMENT,COMMERCIAL_LEASE_AGREEMENT,HIGH_QUALITY
794,val,FORM_1040,FORM_1040,HIGH_QUALITY
795,train,PROXY_VOTING,PROXY_VOTING,HIGH_QUALITY
796,val,ACCOUNT_STATEMENT,ACCOUNT_STATEMENT,HIGH_QUALITY
797,train,CREDIT_CARD_STATEMENT,CREDIT_CARD_STATEMENT,CLEAN
798,train,FORM_1040,FORM_1040,LOW_QUALITY
799,train,REAL_ESTATE,REAL_ESTATE,CLEAN
800,train,PATIENT_INTAKE,PATIENT_INTAKE,LOW_QUALITY
801,train,PATIENT_INTAKE,PATIENT_INTAKE,HIGH_QUALITY
802,train,EQUIPMENT_INSPECTION,EQUIPMENT_INSPECTION,HIGH_QUALITY
803,train,REAL_ESTATE,REAL_ESTATE,CLEAN
804,train,EQUIPMENT_INSPECTION,EQUIPMENT_INSPECTION,LOW_QUALITY
805,val,BANK_CHECK,BANK_CHECK,CLEAN
806,test,GLOSSARY,GLOSSARY,HIGH_QUALITY
807,val,SHIPPING_INVOICE,SHIPPING_INVOICE,LOW_QUALITY
808,train,DELIVERY_NOTE,DELIVERY_NOTE,LOW_QUALITY
809,train,CREDIT_CARD_STATEMENT,CREDIT_CARD_STATEMENT,LOW_QUALITY
810,test,CREDIT_CARD_STATEMENT,CREDIT_CARD_STATEMENT,LOW_QUALITY
811,test,NUTRITION,NUTRITION,HIGH_QUALITY
812,test,CHART,CHART,CLEAN
813,val,FORM_1040,FORM_1040,HIGH_QUALITY
814,train,EQUIPMENT_INSPECTION,EQUIPMENT_INSPECTION,CLEAN
815,val,NUTRITION,NUTRITION,LOW_QUALITY
816,val,COMMERCIAL_LEASE_AGREEMENT,COMMERCIAL_LEASE_AGREEMENT,CLEAN
817,test,EQUIPMENT_INSPECTION,EQUIPMENT_INSPECTION,CLEAN
818,test,CHART,CHART,CLEAN
819,train,SHIFT_SCHEDULE,SHIFT_SCHEDULE,CLEAN
820,train,GLOSSARY,GLOSSARY,LOW_QUALITY
821,train,PAY_IN_SHEET,PAY_IN_SHEET,HIGH_QUALITY
822,train,SHIFT_SCHEDULE,SHIFT_SCHEDULE,HIGH_QUALITY
823,train,CHART,CHART,CLEAN
824,test,SHIFT_SCHEDULE,SHIFT_SCHEDULE,CLEAN
825,train,DELIVERY_NOTE,DELIVERY_NOTE,HIGH_QUALITY
826,train,CREDIT_CARD_STATEMENT,CREDIT_CARD_STATEMENT,HIGH_QUALITY
827,train,SHIFT_SCHEDULE,SHIFT_SCHEDULE,HIGH_QUALITY
828,test,GLOSSARY,GLOSSARY,HIGH_QUALITY
829,train,PATENT,PATENT,CLEAN
830,train,PROXY_VOTING,PROXY_VOTING,CLEAN
831,test,PATENT,PATENT,LOW_QUALITY
832,train,FORM_1040,FORM_1040,LOW_QUALITY
833,train,CHART,CHART,CLEAN
834,val,ACCOUNT_STATEMENT,ACCOUNT_STATEMENT,HIGH_QUALITY
835,train,FORM_1040,FORM_1040,HIGH_QUALITY
836,val,PATIENT_INTAKE,PATIENT_INTAKE,CLEAN
837,train,REAL_ESTATE,REAL_ESTATE,CLEAN
838,train,BANK_CHECK,BANK_CHECK,CLEAN
839,train,NUTRITION,NUTRITION,CLEAN
840,test,SHIPPING_INVOICE,SHIPPING_INVOICE,HIGH_QUALITY
841,train,COMMERCIAL_LEASE_AGREEMENT,COMMERCIAL_LEASE_AGREEMENT,HIGH_QUALITY
842,train,PATENT,PATENT,HIGH_QUALITY
843,train,EQUIPMENT_INSPECTION,EQUIPMENT_INSPECTION,HIGH_QUALITY
844,train,DELIVERY_NOTE,DELIVERY_NOTE,HIGH_QUALITY
845,train,EQUIPMENT_INSPECTION,EQUIPMENT_INSPECTION,LOW_QUALITY
846,train,REAL_ESTATE,REAL_ESTATE,HIGH_QUALITY
847,train,FORM_1040,FORM_1040,HIGH_QUALITY
848,train,DELIVERY_NOTE,DELIVERY_NOTE,CLEAN
849,train,PETITION_FORM,PETITION_FORM,LOW_QUALITY
850,test,FORM_1040,FORM_1040,LOW_QUALITY
851,train,GLOSSARY,GLOSSARY,HIGH_QUALITY
852,test,DELIVERY_NOTE,DELIVERY_NOTE,LOW_QUALITY
853,val,Unknown,DRIVER_LICENSE,PHOTO
854,test,EQUIPMENT_INSPECTION,EQUIPMENT_INSPECTION,LOW_QUALITY
855,train,PATIENT_INTAKE,PATIENT_INTAKE,PHOTO
856,train,PATENT,PATENT,LOW_QUALITY
857,test,ACCOUNT_STATEMENT,ACCOUNT_STATEMENT,HIGH_QUALITY
858,test,Unknown,PHOTO_RECEIPT,PHOTO
859,test,CREDIT_CARD_STATEMENT,CREDIT_CARD_STATEMENT,CLEAN
860,train,SHIPPING_INVOICE,SHIPPING_INVOICE,HIGH_QUALITY
861,train,PETITION_FORM,PETITION_FORM,HIGH_QUALITY
862,train,BANK_CHECK,BANK_CHECK,CLEAN
863,train,SHIFT_SCHEDULE,SHIFT_SCHEDULE,HIGH_QUALITY
864,train,PATIENT_INTAKE,PATIENT_INTAKE,LOW_QUALITY
865,train,SHIFT_SCHEDULE,SHIFT_SCHEDULE,CLEAN
866,test,ACCOUNT_STATEMENT,ACCOUNT_STATEMENT,CLEAN
867,train,NUTRITION,NUTRITION,CLEAN
868,train,SHIPPING_INVOICE,SHIPPING_INVOICE,HIGH_QUALITY
869,train,Unknown,TABLE,PHOTO
870,test,BANK_CHECK,BANK_CHECK,CLEAN
871,train,ACCOUNT_STATEMENT,ACCOUNT_STATEMENT,CLEAN
872,test,BANK_CHECK,BANK_CHECK,HIGH_QUALITY
873,train,PROXY_VOTING,PROXY_VOTING,HIGH_QUALITY
874,train,SHIPPING_INVOICE,SHIPPING_INVOICE,HIGH_QUALITY
875,test,PETITION_FORM,PETITION_FORM,CLEAN
876,train,COMMERCIAL_LEASE_AGREEMENT,COMMERCIAL_LEASE_AGREEMENT,LOW_QUALITY
877,train,PATIENT_INTAKE,PATIENT_INTAKE,CLEAN
878,train,CREDIT_CARD_STATEMENT,CREDIT_CARD_STATEMENT,LOW_QUALITY
879,train,SHIFT_SCHEDULE,SHIFT_SCHEDULE,HIGH_QUALITY
880,train,Unknown,TABLE,PHOTO
881,train,ACCOUNT_STATEMENT,ACCOUNT_STATEMENT,LOW_QUALITY
882,train,REAL_ESTATE,REAL_ESTATE,CLEAN
883,train,NUTRITION,NUTRITION,HIGH_QUALITY
884,test,ACCOUNT_STATEMENT,ACCOUNT_STATEMENT,LOW_QUALITY
885,val,SHIPPING_INVOICE,SHIPPING_INVOICE,LOW_QUALITY
886,train,NUTRITION,NUTRITION,CLEAN
887,test,EQUIPMENT_INSPECTION,EQUIPMENT_INSPECTION,LOW_QUALITY
888,train,ACCOUNT_STATEMENT,ACCOUNT_STATEMENT,LOW_QUALITY
889,train,ACCOUNT_STATEMENT,ACCOUNT_STATEMENT,HIGH_QUALITY
890,val,GLOSSARY,GLOSSARY,CLEAN
891,train,PROXY_VOTING,PROXY_VOTING,LOW_QUALITY
892,train,CHART,CHART,PHOTO
893,test,PETITION_FORM,PETITION_FORM,LOW_QUALITY
894,train,CREDIT_CARD_STATEMENT,CREDIT_CARD_STATEMENT,LOW_QUALITY
895,train,REAL_ESTATE,REAL_ESTATE,CLEAN
896,test,PATIENT_INTAKE,PATIENT_INTAKE,LOW_QUALITY
897,train,PAY_IN_SHEET,PAY_IN_SHEET,CLEAN
898,test,PAY_IN_SHEET,PAY_IN_SHEET,CLEAN
899,train,PROXY_VOTING,PROXY_VOTING,HIGH_QUALITY
900,train,SHIPPING_INVOICE,SHIPPING_INVOICE,LOW_QUALITY
901,val,ACCOUNT_STATEMENT,ACCOUNT_STATEMENT,CLEAN
902,test,EQUIPMENT_INSPECTION,EQUIPMENT_INSPECTION,CLEAN
903,train,ACCOUNT_STATEMENT,ACCOUNT_STATEMENT,HIGH_QUALITY
904,train,PROXY_VOTING,PROXY_VOTING,LOW_QUALITY
905,val,PAY_IN_SHEET,PAY_IN_SHEET,CLEAN
906,val,PAY_IN_SHEET,PAY_IN_SHEET,LOW_QUALITY
907,train,EQUIPMENT_INSPECTION,EQUIPMENT_INSPECTION,CLEAN
908,val,EQUIPMENT_INSPECTION,EQUIPMENT_INSPECTION,CLEAN
909,train,CREDIT_CARD_STATEMENT,CREDIT_CARD_STATEMENT,LOW_QUALITY
910,train,NUTRITION,NUTRITION,HIGH_QUALITY
911,train,Unknown,PHOTO_TABLE,PHOTO
912,train,PATENT,PATENT,HIGH_QUALITY
913,test,SHIFT_SCHEDULE,SHIFT_SCHEDULE,CLEAN
914,train,BANK_CHECK,BANK_CHECK,CLEAN
915,test,FORM_1040,FORM_1040,HIGH_QUALITY
916,train,COMMERCIAL_LEASE_AGREEMENT,COMMERCIAL_LEASE_AGREEMENT,CLEAN
917,train,CHART,CHART,PHOTO
918,test,ACCOUNT_STATEMENT,ACCOUNT_STATEMENT,CLEAN
919,val,PETITION_FORM,PETITION_FORM,LOW_QUALITY
920,train,GLOSSARY,GLOSSARY,HIGH_QUALITY
921,train,PATIENT_INTAKE,PATIENT_INTAKE,CLEAN
922,train,FORM_1040,FORM_1040,LOW_QUALITY
923,train,ACCOUNT_STATEMENT,ACCOUNT_STATEMENT,HIGH_QUALITY
924,train,BANK_CHECK,BANK_CHECK,LOW_QUALITY
925,val,PETITION_FORM,PETITION_FORM,LOW_QUALITY
926,train,DELIVERY_NOTE,DELIVERY_NOTE,CLEAN
927,train,PATENT,PATENT,CLEAN
928,train,REAL_ESTATE,REAL_ESTATE,CLEAN
929,train,CREDIT_CARD_STATEMENT,CREDIT_CARD_STATEMENT,HIGH_QUALITY
930,val,REAL_ESTATE,REAL_ESTATE,CLEAN
931,test,NUTRITION,NUTRITION,CLEAN
932,val,NUTRITION,NUTRITION,LOW_QUALITY
933,train,PETITION_FORM,PETITION_FORM,CLEAN
934,train,CHART,CHART,CLEAN
935,val,SHIFT_SCHEDULE,SHIFT_SCHEDULE,HIGH_QUALITY
936,train,GLOSSARY,GLOSSARY,CLEAN
937,val,CREDIT_CARD_STATEMENT,CREDIT_CARD_STATEMENT,CLEAN
938,test,PATIENT_INTAKE,PATIENT_INTAKE,HIGH_QUALITY
939,train,PATIENT_INTAKE,PATIENT_INTAKE,CLEAN
940,val,PAY_IN_SHEET,PAY_IN_SHEET,LOW_QUALITY
941,val,BANK_CHECK,BANK_CHECK,CLEAN
942,val,COMMERCIAL_LEASE_AGREEMENT,COMMERCIAL_LEASE_AGREEMENT,LOW_QUALITY
943,val,FORM_1040,FORM_1040,CLEAN
944,train,CHART,CHART,CLEAN
945,train,DELIVERY_NOTE,DELIVERY_NOTE,LOW_QUALITY
946,train,PATENT,PATENT,HIGH_QUALITY
947,train,COMMERCIAL_LEASE_AGREEMENT,COMMERCIAL_LEASE_AGREEMENT,HIGH_QUALITY
948,test,FORM_1040,FORM_1040,HIGH_QUALITY
949,train,SHIFT_SCHEDULE,SHIFT_SCHEDULE,CLEAN
950,test,DELIVERY_NOTE,DELIVERY_NOTE,CLEAN
951,train,PAY_IN_SHEET,PAY_IN_SHEET,HIGH_QUALITY
952,train,PROXY_VOTING,PROXY_VOTING,LOW_QUALITY
953,train,NUTRITION,NUTRITION,HIGH_QUALITY
954,train,PATENT,PATENT,LOW_QUALITY
955,test,SHIFT_SCHEDULE,SHIFT_SCHEDULE,LOW_QUALITY
956,train,REAL_ESTATE,REAL_ESTATE,HIGH_QUALITY
957,train,FORM_1040,FORM_1040,CLEAN
958,test,PROXY_VOTING,PROXY_VOTING,LOW_QUALITY
959,train,BANK_CHECK,BANK_CHECK,CLEAN
960,train,GLOSSARY,GLOSSARY,HIGH_QUALITY
961,train,PAY_IN_SHEET,PAY_IN_SHEET,LOW_QUALITY
962,train,FORM_1040,FORM_1040,LOW_QUALITY
963,train,PAY_IN_SHEET,PAY_IN_SHEET,CLEAN
964,train,PETITION_FORM,PETITION_FORM,CLEAN
965,train,GLOSSARY,GLOSSARY,CLEAN
966,train,BANK_CHECK,BANK_CHECK,HIGH_QUALITY
967,train,ACCOUNT_STATEMENT,ACCOUNT_STATEMENT,LOW_QUALITY
968,test,PATENT,PATENT,HIGH_QUALITY
969,train,FORM_1040,FORM_1040,CLEAN
970,train,SHIFT_SCHEDULE,SHIFT_SCHEDULE,CLEAN
971,train,SHIFT_SCHEDULE,SHIFT_SCHEDULE,HIGH_QUALITY
972,val,REAL_ESTATE,REAL_ESTATE,HIGH_QUALITY
973,train,FORM_1040,FORM_1040,HIGH_QUALITY
974,train,FORM_1040,FORM_1040,CLEAN
975,test,GLOSSARY,GLOSSARY,LOW_QUALITY
976,train,NUTRITION,NUTRITION,LOW_QUALITY
977,train,PETITION_FORM,PETITION_FORM,HIGH_QUALITY
978,val,COMMERCIAL_LEASE_AGREEMENT,COMMERCIAL_LEASE_AGREEMENT,LOW_QUALITY
979,train,BANK_CHECK,BANK_CHECK,HIGH_QUALITY
980,train,PROXY_VOTING,PROXY_VOTING,LOW_QUALITY
981,train,PAY_IN_SHEET,PAY_IN_SHEET,LOW_QUALITY
982,train,FORM_1040,FORM_1040,CLEAN
983,train,EQUIPMENT_INSPECTION,EQUIPMENT_INSPECTION,CLEAN
984,train,ACCOUNT_STATEMENT,ACCOUNT_STATEMENT,HIGH_QUALITY
985,train,NUTRITION,NUTRITION,LOW_QUALITY
986,train,NUTRITION,NUTRITION,CLEAN
987,val,PETITION_FORM,PETITION_FORM,HIGH_QUALITY
988,val,FORM_1040,FORM_1040,HIGH_QUALITY
989,train,GLOSSARY,GLOSSARY,CLEAN
990,train,FORM_1040,FORM_1040,HIGH_QUALITY
991,val,NUTRITION,NUTRITION,CLEAN
992,val,CHART,CHART,CLEAN
993,train,PATIENT_INTAKE,PATIENT_INTAKE,LOW_QUALITY
994,train,BANK_CHECK,BANK_CHECK,LOW_QUALITY
995,train,CREDIT_CARD_STATEMENT,CREDIT_CARD_STATEMENT,LOW_QUALITY
996,train,COMMERCIAL_LEASE_AGREEMENT,COMMERCIAL_LEASE_AGREEMENT,CLEAN
997,train,Unknown,LIST,PHOTO
998,train,PETITION_FORM,PETITION_FORM,HIGH_QUALITY
999,train,BANK_CHECK,BANK_CHECK,CLEAN
